{"learner":{"attributes":{"scikit_learn":"{\"_estimator_type\": \"regressor\"}"},"feature_names":["age","hip","abdomen","BAI","WHR","BMI","sex_F","sex_M"],"feature_types":["float","float","float","float","float","float","float","float"],"gradient_booster":{"model":{"gbtree_model_param":{"num_parallel_tree":"1","num_trees":"10"},"iteration_indptr":[0,1,2,3,4,5,6,7,8,9,10],"tree_info":[0,0,0,0,0,0,0,0,0,0],"trees":[{"base_weights":[-3.2244577E-7,-4.6496534E0,2.7812989E0,-2.165466E0,4.122872E-1,3.3230272E-1,2.6161518E0],"categories":[],"categories_nodes":[],"categories_segments":[],"categories_sizes":[],"default_left":[0,0,0,0,0,0,0],"id":0,"left_children":[1,3,5,-1,-1,-1,-1],"loss_changes":[4.5262266E3,2.0368701E3,2.1671995E3,0E0,0E0,0E0,0E0],"parents":[2147483647,0,0,1,1,2,2],"right_children":[2,4,6,-1,-1,-1,-1],"split_conditions":[-2.1660107E-1,4.7719222E-1,9.940074E-1,-2.165466E0,4.122872E-1,3.3230272E-1,2.6161518E0],"split_indices":[3,2,1,0,0,0,0],"split_type":[0,0,0,0,0,0,0],"sum_hessian":[3.48E2,1.3E2,2.18E2,9.1E1,3.9E1,1.71E2,4.7E1],"tree_param":{"num_deleted":"0","num_feature":"8","num_nodes":"7","size_leaf_vector":"1"}},{"base_weights":[3.4250543E-3,-3.1320221E0,2.4104178E0,-1.8970796E0,-5.062026E-1,-1.08363874E-1,1.4030418E0],"categories":[],"categories_nodes":[],"categories_segments":[],"categories_sizes":[],"default_left":[0,0,0,0,0,0,0],"id":1,"left_children":[1,3,5,-1,-1,-1,-1],"loss_changes":[2.641452E3,6.901725E2,1.2454443E3,0E0,0E0,0E0,0E0],"parents":[2147483647,0,0,1,1,2,2],"right_children":[2,4,6,-1,-1,-1,-1],"split_conditions":[-2.0142469E-1,-3.8477474E-1,-4.1372813E-2,-1.8970796E0,-5.062026E-1,-1.08363874E-1,1.4030418E0],"split_indices":[1,3,3,0,0,0,0],"split_type":[0,0,0,0,0,0,0],"sum_hessian":[3.48E2,1.51E2,1.97E2,4.6E1,1.05E2,8.9E1,1.08E2],"tree_param":{"num_deleted":"0","num_feature":"8","num_nodes":"7","size_leaf_vector":"1"}},{"base_weights":[-7.788841E-4,-1.0035723E0,5.153945E0,-1.1292939E0,1.4713748E-1,8.9416313E-1,2.1895561E0],"categories":[],"categories_nodes":[],"categories_segments":[],"categories_sizes":[],"default_left":[0,0,0,0,0,0,0],"id":2,"left_children":[1,3,5,-1,-1,-1,-1],"loss_changes":[1.8091964E3,1.2103632E3,2.4392468E2,0E0,0E0,0E0,0E0],"parents":[2147483647,0,0,1,1,2,2],"right_children":[2,4,6,-1,-1,-1,-1],"split_conditions":[1.0896856E0,-2.5275192E-1,4.2721415E-1,-1.1292939E0,1.4713748E-1,8.9416313E-1,2.1895561E0],"split_indices":[4,3,5,0,0,0,0],"split_type":[0,0,0,0,0,0,0],"sum_hessian":[3.48E2,2.92E2,5.6E1,1.02E2,1.9E2,2.9E1,2.7E1],"tree_param":{"num_deleted":"0","num_feature":"8","num_nodes":"7","size_leaf_vector":"1"}},{"base_weights":[5.476744E-3,-5.347707E-1,5.7679334E0,-4.515228E-1,8.85632E-1,1.2126306E0,2.405952E0],"categories":[],"categories_nodes":[],"categories_segments":[],"categories_sizes":[],"default_left":[0,0,0,0,0,0,0],"id":3,"left_children":[1,3,5,-1,-1,-1,-1],"loss_changes":[1.0895747E3,1.0871104E3,8.4175354E1,0E0,0E0,0E0,0E0],"parents":[2147483647,0,0,1,1,2,2],"right_children":[2,4,6,-1,-1,-1,-1],"split_conditions":[5.0859076E-1,9.611312E-1,1.2804186E-1,-4.515228E-1,8.85632E-1,1.2126306E0,2.405952E0],"split_indices":[3,4,2,0,0,0,0],"split_type":[0,0,0,0,0,0,0],"sum_hessian":[3.48E2,3.19E2,2.9E1,2.5E2,6.9E1,1.8E1,1.1E1],"tree_param":{"num_deleted":"0","num_feature":"8","num_nodes":"7","size_leaf_vector":"1"}},{"base_weights":[1.5446057E-2,-3.4450576E0,6.46702E-1,-1.5623133E0,2.0929237E-1,7.6239E-2,1.5255789E0],"categories":[],"categories_nodes":[],"categories_segments":[],"categories_sizes":[],"default_left":[0,0,0,0,0,0,0],"id":4,"left_children":[1,3,5,-1,-1,-1,-1],"loss_changes":[7.6460565E2,3.9794873E2,5.144743E2,0E0,0E0,0E0,0E0],"parents":[2147483647,0,0,1,1,2,2],"right_children":[2,4,6,-1,-1,-1,-1],"split_conditions":[-4.6340308E-1,5.057292E-1,1.3816224E0,-1.5623133E0,2.0929237E-1,7.6239E-2,1.5255789E0],"split_indices":[3,4,4,0,0,0,0],"split_type":[0,0,0,0,0,0,0],"sum_hessian":[3.48E2,5.3E1,2.95E2,3.7E1,1.6E1,2.72E2,2.3E1],"tree_param":{"num_deleted":"0","num_feature":"8","num_nodes":"7","size_leaf_vector":"1"}},{"base_weights":[1.1525359E-2,-7.7652526E-1,1.9542291E0,-4.80358E-1,2.8609958E-1,-2.1136336E-1,8.5142887E-1],"categories":[],"categories_nodes":[],"categories_segments":[],"categories_sizes":[],"default_left":[0,0,0,0,0,0,0],"id":5,"left_children":[1,3,5,-1,-1,-1,-1],"loss_changes":[5.3581866E2,3.5680835E2,2.393497E2,0E0,0E0,0E0,0E0],"parents":[2147483647,0,0,1,1,2,2],"right_children":[2,4,6,-1,-1,-1,-1],"split_conditions":[1.8423936E-1,7.0837307E-1,-2.5395727E-1,-4.80358E-1,2.8609958E-1,-2.1136336E-1,8.5142887E-1],"split_indices":[3,4,5,0,0,0,0],"split_type":[0,0,0,0,0,0,0],"sum_hessian":[3.48E2,2.48E2,1E2,1.68E2,8E1,2.5E1,7.5E1],"tree_param":{"num_deleted":"0","num_feature":"8","num_nodes":"7","size_leaf_vector":"1"}},{"base_weights":[9.344935E-3,-2.2548351E0,4.8721913E-1,-6.3455164E-2,-1.3506713E0,5.496539E-1,-6.373734E-2],"categories":[],"categories_nodes":[],"categories_segments":[],"categories_sizes":[],"default_left":[0,0,0,0,0,0,0],"id":6,"left_children":[1,3,5,-1,-1,-1,-1],"loss_changes":[3.7871426E2,2.7916922E2,2.7234915E2,0E0,0E0,0E0,0E0],"parents":[2147483647,0,0,1,1,2,2],"right_children":[2,4,6,-1,-1,-1,-1],"split_conditions":[-8.6900365E-1,-6.9546205E-1,-7.33045E-1,-6.3455164E-2,-1.3506713E0,5.496539E-1,-6.373734E-2],"split_indices":[1,4,0,0,0,0,0],"split_type":[0,0,0,0,0,0,0],"sum_hessian":[3.48E2,6E1,2.88E2,3.2E1,2.8E1,9.8E1,1.9E2],"tree_param":{"num_deleted":"0","num_feature":"8","num_nodes":"7","size_leaf_vector":"1"}},{"base_weights":[3.8820475E-3,-4.8426795E-1,1.8561242E0,1.2326833E-1,-3.8018617E-1,3.4227043E-1,1.4366351E0],"categories":[],"categories_nodes":[],"categories_segments":[],"categories_sizes":[],"default_left":[0,0,0,0,0,0,0],"id":7,"left_children":[1,3,5,-1,-1,-1,-1],"loss_changes":[3.164549E2,1.9467813E2,1.4765427E2,0E0,0E0,0E0,0E0],"parents":[2147483647,0,0,1,1,2,2],"right_children":[2,4,6,-1,-1,-1,-1],"split_conditions":[7.921812E-1,-6.015164E-1,6.3935596E-1,1.2326833E-1,-3.8018617E-1,3.4227043E-1,1.4366351E0],"split_indices":[1,0,3,0,0,0,0],"split_type":[0,0,0,0,0,0,0],"sum_hessian":[3.48E2,2.76E2,7.2E1,1.29E2,1.47E2,5.9E1,1.3E1],"tree_param":{"num_deleted":"0","num_feature":"8","num_nodes":"7","size_leaf_vector":"1"}},{"base_weights":[7.0785317E-3,-2.889627E-1,2.1778789E0,-3.344658E-1,1.8343809E-1,9.764522E-1,3.1526273E-1],"categories":[],"categories_nodes":[],"categories_segments":[],"categories_sizes":[],"default_left":[0,0,0,0,0,0,0],"id":8,"left_children":[1,3,5,-1,-1,-1,-1],"loss_changes":[2.2491292E2,2.2973524E2,4.7556595E1,0E0,0E0,0E0,0E0],"parents":[2147483647,0,0,1,1,2,2],"right_children":[2,4,6,-1,-1,-1,-1],"split_conditions":[1.2104837E0,1E0,1.1083549E0,-3.344658E-1,1.8343809E-1,9.764522E-1,3.1526273E-1],"split_indices":[4,6,0,0,0,0,0],"split_type":[0,0,0,0,0,0,0],"sum_hessian":[3.48E2,3.07E2,4.1E1,1.6E2,1.47E2,2E1,2.1E1],"tree_param":{"num_deleted":"0","num_feature":"8","num_nodes":"7","size_leaf_vector":"1"}},{"base_weights":[8.223577E-3,-2.4708238E0,2.3216173E-1,-2.1692969E-1,-1.0057864E0,1.746024E-2,6.8685937E-1],"categories":[],"categories_nodes":[],"categories_segments":[],"categories_sizes":[],"default_left":[0,0,0,0,0,0,0],"id":9,"left_children":[1,3,5,-1,-1,-1,-1],"loss_changes":[1.9432213E2,4.2268753E1,1.1475328E2,0E0,0E0,0E0,0E0],"parents":[2147483647,0,0,1,1,2,2],"right_children":[2,4,6,-1,-1,-1,-1],"split_conditions":[-1.3968568E0,-1.3314066E0,1.3816224E0,-2.1692969E-1,-1.0057864E0,1.746024E-2,6.8685937E-1],"split_indices":[1,2,4,0,0,0,0],"split_type":[0,0,0,0,0,0,0],"sum_hessian":[3.48E2,2.8E1,3.2E2,1E1,1.8E1,2.96E2,2.4E1],"tree_param":{"num_deleted":"0","num_feature":"8","num_nodes":"7","size_leaf_vector":"1"}}]},"name":"gbtree"},"learner_model_param":{"base_score":"2.020842E1","boost_from_average":"1","num_class":"0","num_feature":"8","num_target":"1"},"objective":{"name":"reg:squarederror","reg_loss_param":{"scale_pos_weight":"1"}}},"version":[2,1,0]}