{
    "train": {
        "rmse": 3.2921992156081394,
        "r2": 0.790057746686586
    },
    "val": {
        "rmse": 5.012748202652409,
        "r2": 0.6605233268307005
    }
}
