{
    "train": {
        "rmse": 4.024896960019822,
        "r2": 0.6862113915582658
    },
    "val": {
        "rmse": 5.375446558059216,
        "r2": 0.6096202742325398
    }
}
